doc_id,queue_reason,readiness,structure_status,paragraph_count,fallback_fraction,processed_path,structured_path,human_verdict
0383244195c932e90c4d3520,flagged_issue,not_ready,,,,var/rag/processed/0383244195c932e90c4d3520.json,var/rag/structured_gemini/0383244195c932e90c4d3520.json,
3b71e246b92658978f1058e6,flagged_issue,ready,structured,38,0.0,var/rag/processed/3b71e246b92658978f1058e6.json,var/rag/structured_gemini/3b71e246b92658978f1058e6.json,
f25d5356fec74b01149c6e65,flagged_issue,ready,structured,29,0.0,var/rag/processed/f25d5356fec74b01149c6e65.json,var/rag/structured_gemini/f25d5356fec74b01149c6e65.json,
73a26ecd79772c4aab6258d8,flagged_issue,ready_with_caution,structured,22,0.0,var/rag/processed/73a26ecd79772c4aab6258d8.json,var/rag/structured_gemini/73a26ecd79772c4aab6258d8.json,
e613e19f82532081996cd02a,flagged_issue,ready_with_caution,structured,47,0.0,var/rag/processed/e613e19f82532081996cd02a.json,var/rag/structured_gemini/e613e19f82532081996cd02a.json,
7bbbfa5f557ecc6967ac80e7,flagged_issue,ready_with_caution,structured,50,0.0,var/rag/processed/7bbbfa5f557ecc6967ac80e7.json,var/rag/structured_gemini/7bbbfa5f557ecc6967ac80e7.json,
75a8adb5e372daf0d50566ea,flagged_issue,ready_with_caution,structured,18,0.0,var/rag/processed/75a8adb5e372daf0d50566ea.json,var/rag/structured_gemini/75a8adb5e372daf0d50566ea.json,
948e76ab7d95599f1e6a147d,flagged_issue,manual_review_required,structured,39,0.6154,var/rag/processed/948e76ab7d95599f1e6a147d.json,var/rag/structured_gemini/948e76ab7d95599f1e6a147d.json,
a1cebd5165d8f6b06a46ac25,flagged_issue,ready_with_caution,structured,84,0.0,var/rag/processed/a1cebd5165d8f6b06a46ac25.json,var/rag/structured_gemini/a1cebd5165d8f6b06a46ac25.json,
88235478e5d1f0f5e24e0f27,flagged_issue,ready_with_caution,structured,44,0.0,var/rag/processed/88235478e5d1f0f5e24e0f27.json,var/rag/structured_gemini/88235478e5d1f0f5e24e0f27.json,
42443bfb8163248e3db18497,flagged_issue,ready_with_caution,structured,37,0.0,var/rag/processed/42443bfb8163248e3db18497.json,var/rag/structured_gemini/42443bfb8163248e3db18497.json,
bd88ca8e9557fe77d8e046b3,flagged_issue,ready,structured,20,0.0,var/rag/processed/bd88ca8e9557fe77d8e046b3.json,var/rag/structured_gemini/bd88ca8e9557fe77d8e046b3.json,
a126ca8f85a948b2e65c41cb,flagged_issue,ready_with_caution,structured,29,0.0,var/rag/processed/a126ca8f85a948b2e65c41cb.json,var/rag/structured_gemini/a126ca8f85a948b2e65c41cb.json,
39976baeba10446f70190192,flagged_issue,ready_with_caution,structured,34,0.0,var/rag/processed/39976baeba10446f70190192.json,var/rag/structured_gemini/39976baeba10446f70190192.json,
ae4a07835728a54c3dddb4ad,flagged_issue,ready_with_caution,non_judgment_text,130,1.0,var/rag/processed/ae4a07835728a54c3dddb4ad.json,var/rag/structured_gemini/ae4a07835728a54c3dddb4ad.json,
60ada51f076c9daa927e3e31,flagged_issue,ready,structured,29,0.0,var/rag/processed/60ada51f076c9daa927e3e31.json,var/rag/structured_gemini/60ada51f076c9daa927e3e31.json,
e64da0ced58bdcdfc2a63875,flagged_issue,ready_with_caution,structured,54,0.0,var/rag/processed/e64da0ced58bdcdfc2a63875.json,var/rag/structured_gemini/e64da0ced58bdcdfc2a63875.json,
ac5629c48059f9a0d20889c8,flagged_issue,ready_with_caution,structured,58,0.0,var/rag/processed/ac5629c48059f9a0d20889c8.json,var/rag/structured_gemini/ac5629c48059f9a0d20889c8.json,
e455438e570998c4f714a8c0,flagged_issue,ready,structured,27,0.0,var/rag/processed/e455438e570998c4f714a8c0.json,var/rag/structured_gemini/e455438e570998c4f714a8c0.json,
3ebe1e86de756077fb70c9b7,flagged_issue,ready_with_caution,structured,30,0.0,var/rag/processed/3ebe1e86de756077fb70c9b7.json,var/rag/structured_gemini/3ebe1e86de756077fb70c9b7.json,
dddb5521b3077e415002c984,flagged_issue,ready,structured,64,0.0,var/rag/processed/dddb5521b3077e415002c984.json,var/rag/structured_gemini/dddb5521b3077e415002c984.json,
34909d8e421ecef1f14db422,flagged_issue,ready_with_caution,structured,52,0.0,var/rag/processed/34909d8e421ecef1f14db422.json,var/rag/structured_gemini/34909d8e421ecef1f14db422.json,
7e3a135cd2ec69a75f9486f1,flagged_issue,ready,structured,15,0.0,var/rag/processed/7e3a135cd2ec69a75f9486f1.json,var/rag/structured_gemini/7e3a135cd2ec69a75f9486f1.json,
81a9fc45d29e2b35dbe7f0e3,flagged_issue,ready_with_caution,structured,15,0.0,var/rag/processed/81a9fc45d29e2b35dbe7f0e3.json,var/rag/structured_gemini/81a9fc45d29e2b35dbe7f0e3.json,
a18b014db6abc5725feb6274,flagged_issue,ready,structured,54,0.0,var/rag/processed/a18b014db6abc5725feb6274.json,var/rag/structured_gemini/a18b014db6abc5725feb6274.json,
fcf18f16751b4b3c467f3f99,flagged_issue,manual_review_required,structured,21,0.2381,var/rag/processed/fcf18f16751b4b3c467f3f99.json,var/rag/structured_gemini/fcf18f16751b4b3c467f3f99.json,
6bf7126ae54a7fd9d3bf6b91,flagged_issue,ready_with_caution,structured,34,0.0,var/rag/processed/6bf7126ae54a7fd9d3bf6b91.json,var/rag/structured_gemini/6bf7126ae54a7fd9d3bf6b91.json,
36e5392150bf9939d51d4b16,flagged_issue,ready_with_caution,structured,32,0.0,var/rag/processed/36e5392150bf9939d51d4b16.json,var/rag/structured_gemini/36e5392150bf9939d51d4b16.json,
9157faea8315935619b3dcab,flagged_issue,manual_review_required,structured,23,0.3478,var/rag/processed/9157faea8315935619b3dcab.json,var/rag/structured_gemini/9157faea8315935619b3dcab.json,
943a54f97ee432208ec4f9d0,flagged_issue,manual_review_required,structured,38,0.4474,var/rag/processed/943a54f97ee432208ec4f9d0.json,var/rag/structured_gemini/943a54f97ee432208ec4f9d0.json,
c3144c83abc26ea742a1f816,flagged_issue,ready_with_caution,non_judgment_text,53,1.0,var/rag/processed/c3144c83abc26ea742a1f816.json,var/rag/structured_gemini/c3144c83abc26ea742a1f816.json,
a4aac9b828cbc427a055b19c,flagged_issue,ready,structured,32,0.0,var/rag/processed/a4aac9b828cbc427a055b19c.json,var/rag/structured_gemini/a4aac9b828cbc427a055b19c.json,
947a012f4bad19b26b75aa03,flagged_issue,manual_review_required,structured,21,0.381,var/rag/processed/947a012f4bad19b26b75aa03.json,var/rag/structured_gemini/947a012f4bad19b26b75aa03.json,
fc1e9ec8d9e1294f62b7061b,flagged_issue,manual_review_required,structured,22,0.3636,var/rag/processed/fc1e9ec8d9e1294f62b7061b.json,var/rag/structured_gemini/fc1e9ec8d9e1294f62b7061b.json,
30069e5d1b96e11b7bb650d7,flagged_issue,ready_with_caution,structured,26,0.0,var/rag/processed/30069e5d1b96e11b7bb650d7.json,var/rag/structured_gemini/30069e5d1b96e11b7bb650d7.json,
79676f9b0d84c0033a0214eb,flagged_issue,ready_with_caution,structured,16,0.0,var/rag/processed/79676f9b0d84c0033a0214eb.json,var/rag/structured_gemini/79676f9b0d84c0033a0214eb.json,
3c38628ddd300c44b7ff18f3,flagged_issue,ready,structured,35,0.0,var/rag/processed/3c38628ddd300c44b7ff18f3.json,var/rag/structured_gemini/3c38628ddd300c44b7ff18f3.json,
44a5ac8ec50fb37b1135e69b,flagged_issue,ready_with_caution,structured,46,0.0,var/rag/processed/44a5ac8ec50fb37b1135e69b.json,var/rag/structured_gemini/44a5ac8ec50fb37b1135e69b.json,
85af3441583d40fc82f59829,flagged_issue,ready,structured,32,0.0,var/rag/processed/85af3441583d40fc82f59829.json,var/rag/structured_gemini/85af3441583d40fc82f59829.json,
1ece8e94f77d989ac989f618,flagged_issue,ready,structured,18,0.0,var/rag/processed/1ece8e94f77d989ac989f618.json,var/rag/structured_gemini/1ece8e94f77d989ac989f618.json,
b995832b9b507694413e2eb3,flagged_issue,ready_with_caution,structured,25,0.0,var/rag/processed/b995832b9b507694413e2eb3.json,var/rag/structured_gemini/b995832b9b507694413e2eb3.json,
79d2c458171e2ec313a90d52,flagged_issue,ready_with_caution,structured,33,0.0,var/rag/processed/79d2c458171e2ec313a90d52.json,var/rag/structured_gemini/79d2c458171e2ec313a90d52.json,
44bd83252c82dc96721b211b,flagged_issue,ready_with_caution,structured,47,0.0,var/rag/processed/44bd83252c82dc96721b211b.json,var/rag/structured_gemini/44bd83252c82dc96721b211b.json,
7ffd901ba9120782d518a263,flagged_issue,ready_with_caution,structured,25,0.0,var/rag/processed/7ffd901ba9120782d518a263.json,var/rag/structured_gemini/7ffd901ba9120782d518a263.json,
105b44dcba69d5c6f9124d1a,flagged_issue,ready,structured,38,0.0,var/rag/processed/105b44dcba69d5c6f9124d1a.json,var/rag/structured_gemini/105b44dcba69d5c6f9124d1a.json,
5f89f30d62a2661df4aa6c71,flagged_issue,ready_with_caution,structured,37,0.0,var/rag/processed/5f89f30d62a2661df4aa6c71.json,var/rag/structured_gemini/5f89f30d62a2661df4aa6c71.json,
77d29f33cf56b982a1cde94e,flagged_issue,ready_with_caution,structured,27,0.0,var/rag/processed/77d29f33cf56b982a1cde94e.json,var/rag/structured_gemini/77d29f33cf56b982a1cde94e.json,
6bcf8842f0867047ac9d1338,flagged_issue,ready_with_caution,structured,52,0.0,var/rag/processed/6bcf8842f0867047ac9d1338.json,var/rag/structured_gemini/6bcf8842f0867047ac9d1338.json,
79588322ea48f34b9b9de069,flagged_issue,ready_with_caution,structured,43,0.0,var/rag/processed/79588322ea48f34b9b9de069.json,var/rag/structured_gemini/79588322ea48f34b9b9de069.json,
4eb4b14e80ec5c55cca05177,flagged_issue,ready,structured,59,0.0,var/rag/processed/4eb4b14e80ec5c55cca05177.json,var/rag/structured_gemini/4eb4b14e80ec5c55cca05177.json,
03387137265f6983fc3f7608,flagged_issue,ready,structured,21,0.0,var/rag/processed/03387137265f6983fc3f7608.json,var/rag/structured_gemini/03387137265f6983fc3f7608.json,
02454046be0d0f94bbf35408,flagged_issue,ready_with_caution,structured,31,0.0,var/rag/processed/02454046be0d0f94bbf35408.json,var/rag/structured_gemini/02454046be0d0f94bbf35408.json,
23f72452f66867486fcf6303,flagged_issue,ready_with_caution,structured,29,0.0,var/rag/processed/23f72452f66867486fcf6303.json,var/rag/structured_gemini/23f72452f66867486fcf6303.json,
58c632824b2b69cfd3e9d52d,flagged_issue,ready,structured,21,0.0,var/rag/processed/58c632824b2b69cfd3e9d52d.json,var/rag/structured_gemini/58c632824b2b69cfd3e9d52d.json,
2844bf4b73886745fac0557e,flagged_issue,manual_review_required,structured,59,0.5932,var/rag/processed/2844bf4b73886745fac0557e.json,var/rag/structured_gemini/2844bf4b73886745fac0557e.json,
cbfe948b5953e48a943ebc1d,flagged_issue,ready_with_caution,structured,29,0.0,var/rag/processed/cbfe948b5953e48a943ebc1d.json,var/rag/structured_gemini/cbfe948b5953e48a943ebc1d.json,
b489503354c29200183a88dd,flagged_issue,ready,structured,34,0.0,var/rag/processed/b489503354c29200183a88dd.json,var/rag/structured_gemini/b489503354c29200183a88dd.json,
9d11ae91045bf6356fd26f3a,flagged_issue,ready_with_caution,structured,30,0.0,var/rag/processed/9d11ae91045bf6356fd26f3a.json,var/rag/structured_gemini/9d11ae91045bf6356fd26f3a.json,
42c76f67496debbec7f13e91,flagged_issue,ready_with_caution,structured,39,0.0,var/rag/processed/42c76f67496debbec7f13e91.json,var/rag/structured_gemini/42c76f67496debbec7f13e91.json,
e90d5c123787f60e85bbf7d5,flagged_issue,ready_with_caution,structured,18,0.0,var/rag/processed/e90d5c123787f60e85bbf7d5.json,var/rag/structured_gemini/e90d5c123787f60e85bbf7d5.json,
f0a87c2fac242ed6e51a02d6,flagged_issue,ready_with_caution,structured,29,0.0,var/rag/processed/f0a87c2fac242ed6e51a02d6.json,var/rag/structured_gemini/f0a87c2fac242ed6e51a02d6.json,
0e1d9f60f4217d0266245f1d,flagged_issue,ready_with_caution,structured,27,0.0,var/rag/processed/0e1d9f60f4217d0266245f1d.json,var/rag/structured_gemini/0e1d9f60f4217d0266245f1d.json,
8b24fc2ec61494e7cc2cac16,flagged_issue,ready_with_caution,structured,75,0.0,var/rag/processed/8b24fc2ec61494e7cc2cac16.json,var/rag/structured_gemini/8b24fc2ec61494e7cc2cac16.json,
303f06a2f00bb5281e498bc4,flagged_issue,ready,structured,70,0.0,var/rag/processed/303f06a2f00bb5281e498bc4.json,var/rag/structured_gemini/303f06a2f00bb5281e498bc4.json,
1cae918b8c919f5907a7013a,flagged_issue,ready_with_caution,structured,19,0.0,var/rag/processed/1cae918b8c919f5907a7013a.json,var/rag/structured_gemini/1cae918b8c919f5907a7013a.json,
167c62d9faeea2553c63b80d,flagged_issue,ready_with_caution,structured,20,0.0,var/rag/processed/167c62d9faeea2553c63b80d.json,var/rag/structured_gemini/167c62d9faeea2553c63b80d.json,
f263220ce452c04d976822a4,flagged_issue,ready,structured,52,0.0,var/rag/processed/f263220ce452c04d976822a4.json,var/rag/structured_gemini/f263220ce452c04d976822a4.json,
ce4fcc32ec21c58b8bc931a4,flagged_issue,ready_with_caution,structured,33,0.0,var/rag/processed/ce4fcc32ec21c58b8bc931a4.json,var/rag/structured_gemini/ce4fcc32ec21c58b8bc931a4.json,
836b92594ee4f16973ae28cb,flagged_issue,ready,structured,62,0.0,var/rag/processed/836b92594ee4f16973ae28cb.json,var/rag/structured_gemini/836b92594ee4f16973ae28cb.json,
a5194b8092ee030aca0b84c0,flagged_issue,ready_with_caution,structured,34,0.0,var/rag/processed/a5194b8092ee030aca0b84c0.json,var/rag/structured_gemini/a5194b8092ee030aca0b84c0.json,
9d9d84faf1c909b9c606310e,flagged_issue,ready_with_caution,structured,25,0.0,var/rag/processed/9d9d84faf1c909b9c606310e.json,var/rag/structured_gemini/9d9d84faf1c909b9c606310e.json,
e5127877efab0cc348e02166,flagged_issue,ready,structured,37,0.0,var/rag/processed/e5127877efab0cc348e02166.json,var/rag/structured_gemini/e5127877efab0cc348e02166.json,
88309e9bba76ed133f8a52ed,flagged_issue,ready,structured,29,0.0,var/rag/processed/88309e9bba76ed133f8a52ed.json,var/rag/structured_gemini/88309e9bba76ed133f8a52ed.json,
f361328af672e43101e01291,flagged_issue,ready_with_caution,structured,22,0.0,var/rag/processed/f361328af672e43101e01291.json,var/rag/structured_gemini/f361328af672e43101e01291.json,
e4341a62fba79c5fff69521e,flagged_issue,ready_with_caution,structured,34,0.0,var/rag/processed/e4341a62fba79c5fff69521e.json,var/rag/structured_gemini/e4341a62fba79c5fff69521e.json,
9a903858b7606fc630e2f054,flagged_issue,ready_with_caution,structured,15,0.0,var/rag/processed/9a903858b7606fc630e2f054.json,var/rag/structured_gemini/9a903858b7606fc630e2f054.json,
a991140c9b9b5fe520015c22,flagged_issue,ready_with_caution,structured,20,0.0,var/rag/processed/a991140c9b9b5fe520015c22.json,var/rag/structured_gemini/a991140c9b9b5fe520015c22.json,
adbe8184682c227273fa70f2,flagged_issue,ready_with_caution,structured,59,0.0,var/rag/processed/adbe8184682c227273fa70f2.json,var/rag/structured_gemini/adbe8184682c227273fa70f2.json,
e7db394ac417a57392acebb2,flagged_issue,ready_with_caution,structured,39,0.0,var/rag/processed/e7db394ac417a57392acebb2.json,var/rag/structured_gemini/e7db394ac417a57392acebb2.json,
8c2d4738a8b8321685533e01,flagged_issue,ready_with_caution,structured,16,0.0,var/rag/processed/8c2d4738a8b8321685533e01.json,var/rag/structured_gemini/8c2d4738a8b8321685533e01.json,
a0efb084e434397807d37e3b,flagged_issue,ready,structured,34,0.0,var/rag/processed/a0efb084e434397807d37e3b.json,var/rag/structured_gemini/a0efb084e434397807d37e3b.json,
6b1ab5944093fbd14b39132b,flagged_issue,ready,structured,16,0.0,var/rag/processed/6b1ab5944093fbd14b39132b.json,var/rag/structured_gemini/6b1ab5944093fbd14b39132b.json,
a23cce4a349b709579035445,flagged_issue,ready,structured,40,0.0,var/rag/processed/a23cce4a349b709579035445.json,var/rag/structured_gemini/a23cce4a349b709579035445.json,
0b22674fc8625c7933f1c5a6,flagged_issue,ready_with_caution,structured,30,0.0,var/rag/processed/0b22674fc8625c7933f1c5a6.json,var/rag/structured_gemini/0b22674fc8625c7933f1c5a6.json,
b44a124166585b782b402988,flagged_issue,ready_with_caution,structured,51,0.0,var/rag/processed/b44a124166585b782b402988.json,var/rag/structured_gemini/b44a124166585b782b402988.json,
31c77c34af749de5aeb1bc3d,flagged_issue,ready,structured,50,0.0,var/rag/processed/31c77c34af749de5aeb1bc3d.json,var/rag/structured_gemini/31c77c34af749de5aeb1bc3d.json,
697f46691b7ef3557127cb65,flagged_issue,ready,structured,31,0.0,var/rag/processed/697f46691b7ef3557127cb65.json,var/rag/structured_gemini/697f46691b7ef3557127cb65.json,
b818af2ebac590c878979baa,flagged_issue,ready_with_caution,structured,35,0.0,var/rag/processed/b818af2ebac590c878979baa.json,var/rag/structured_gemini/b818af2ebac590c878979baa.json,
8b3d601d65aa4e3df5225210,flagged_issue,ready,structured,31,0.0,var/rag/processed/8b3d601d65aa4e3df5225210.json,var/rag/structured_gemini/8b3d601d65aa4e3df5225210.json,
7f4c70462166f5d452cd360b,flagged_issue,ready_with_caution,structured,21,0.0,var/rag/processed/7f4c70462166f5d452cd360b.json,var/rag/structured_gemini/7f4c70462166f5d452cd360b.json,
e9397169d0b054d6fbdb95f7,flagged_issue,ready,structured,30,0.0,var/rag/processed/e9397169d0b054d6fbdb95f7.json,var/rag/structured_gemini/e9397169d0b054d6fbdb95f7.json,
09a147763202b15e97b70c84,flagged_issue,ready,structured,25,0.0,var/rag/processed/09a147763202b15e97b70c84.json,var/rag/structured_gemini/09a147763202b15e97b70c84.json,
177ad37328d142db2075b299,flagged_issue,ready_with_caution,structured,24,0.0,var/rag/processed/177ad37328d142db2075b299.json,var/rag/structured_gemini/177ad37328d142db2075b299.json,
456a1d83e6c67bbcc68c6904,flagged_issue,ready_with_caution,structured,96,0.0,var/rag/processed/456a1d83e6c67bbcc68c6904.json,var/rag/structured_gemini/456a1d83e6c67bbcc68c6904.json,
08993337a2588c70640a9d63,flagged_issue,ready,structured,24,0.0,var/rag/processed/08993337a2588c70640a9d63.json,var/rag/structured_gemini/08993337a2588c70640a9d63.json,
14cc66774ca33f47da6a6356,flagged_issue,ready,structured,20,0.0,var/rag/processed/14cc66774ca33f47da6a6356.json,var/rag/structured_gemini/14cc66774ca33f47da6a6356.json,
dafa13db6897dc4f8096e85c,flagged_issue,ready_with_caution,structured,35,0.0,var/rag/processed/dafa13db6897dc4f8096e85c.json,var/rag/structured_gemini/dafa13db6897dc4f8096e85c.json,
aee30c7f1138d016a849827e,flagged_issue,ready,structured,31,0.0,var/rag/processed/aee30c7f1138d016a849827e.json,var/rag/structured_gemini/aee30c7f1138d016a849827e.json,
b93b0978d36b6586eee3ae1a,flagged_issue,ready_with_caution,structured,36,0.0,var/rag/processed/b93b0978d36b6586eee3ae1a.json,var/rag/structured_gemini/b93b0978d36b6586eee3ae1a.json,
1114f5c506e35d0cf9e5bee2,flagged_issue,ready,structured,25,0.0,var/rag/processed/1114f5c506e35d0cf9e5bee2.json,var/rag/structured_gemini/1114f5c506e35d0cf9e5bee2.json,
5281897430ee2ab5341120fd,flagged_issue,ready_with_caution,structured,23,0.0,var/rag/processed/5281897430ee2ab5341120fd.json,var/rag/structured_gemini/5281897430ee2ab5341120fd.json,
7e40d43ea36b56067656f7eb,flagged_issue,ready,structured,70,0.0,var/rag/processed/7e40d43ea36b56067656f7eb.json,var/rag/structured_gemini/7e40d43ea36b56067656f7eb.json,
eeade9639a852bcd4d9e795e,flagged_issue,ready_with_caution,structured,37,0.0,var/rag/processed/eeade9639a852bcd4d9e795e.json,var/rag/structured_gemini/eeade9639a852bcd4d9e795e.json,
2a610037b9e1d26c136bd2c7,flagged_issue,manual_review_required,structured,64,0.75,var/rag/processed/2a610037b9e1d26c136bd2c7.json,var/rag/structured_gemini/2a610037b9e1d26c136bd2c7.json,
9c99041ec7aef22ba335d463,flagged_issue,ready_with_caution,structured,25,0.0,var/rag/processed/9c99041ec7aef22ba335d463.json,var/rag/structured_gemini/9c99041ec7aef22ba335d463.json,
13aad105f5747cc7f8d83291,flagged_issue,ready_with_caution,structured,19,0.0,var/rag/processed/13aad105f5747cc7f8d83291.json,var/rag/structured_gemini/13aad105f5747cc7f8d83291.json,
eb8d35a224108a6f4f39d751,flagged_issue,ready_with_caution,structured,22,0.0,var/rag/processed/eb8d35a224108a6f4f39d751.json,var/rag/structured_gemini/eb8d35a224108a6f4f39d751.json,
5869198eb7e1feb568179159,flagged_issue,ready_with_caution,structured,57,0.0,var/rag/processed/5869198eb7e1feb568179159.json,var/rag/structured_gemini/5869198eb7e1feb568179159.json,
dcb4193185965b174b0eed7d,flagged_issue,ready,structured,46,0.0,var/rag/processed/dcb4193185965b174b0eed7d.json,var/rag/structured_gemini/dcb4193185965b174b0eed7d.json,
e7b8b2e2a0d51812053994fe,flagged_issue,ready,structured,47,0.0,var/rag/processed/e7b8b2e2a0d51812053994fe.json,var/rag/structured_gemini/e7b8b2e2a0d51812053994fe.json,
db13cd38a5b316edc6fb63d7,flagged_issue,ready,structured,28,0.0,var/rag/processed/db13cd38a5b316edc6fb63d7.json,var/rag/structured_gemini/db13cd38a5b316edc6fb63d7.json,
3275650945c9f79e6435806b,flagged_issue,ready_with_caution,structured,41,0.0,var/rag/processed/3275650945c9f79e6435806b.json,var/rag/structured_gemini/3275650945c9f79e6435806b.json,
1591cb82f307de637feba427,flagged_issue,ready,structured,41,0.0,var/rag/processed/1591cb82f307de637feba427.json,var/rag/structured_gemini/1591cb82f307de637feba427.json,
100fcea4a7af3ece34f84bf4,flagged_issue,ready,structured,38,0.0,var/rag/processed/100fcea4a7af3ece34f84bf4.json,var/rag/structured_gemini/100fcea4a7af3ece34f84bf4.json,
7bc17f6224e7f75499a57fde,flagged_issue,ready,structured,22,0.0,var/rag/processed/7bc17f6224e7f75499a57fde.json,var/rag/structured_gemini/7bc17f6224e7f75499a57fde.json,
4f66c70d00a52c6d55b72f3f,flagged_issue,ready_with_caution,structured,26,0.0,var/rag/processed/4f66c70d00a52c6d55b72f3f.json,var/rag/structured_gemini/4f66c70d00a52c6d55b72f3f.json,
3f05c5c660b0107ffbfeafef,flagged_issue,ready_with_caution,structured,57,0.0,var/rag/processed/3f05c5c660b0107ffbfeafef.json,var/rag/structured_gemini/3f05c5c660b0107ffbfeafef.json,
62515039bc963977d10982b8,flagged_issue,ready,structured,44,0.0,var/rag/processed/62515039bc963977d10982b8.json,var/rag/structured_gemini/62515039bc963977d10982b8.json,
292ea7bf84a69d469a97cbd6,flagged_issue,manual_review_required,structured,42,0.2619,var/rag/processed/292ea7bf84a69d469a97cbd6.json,var/rag/structured_gemini/292ea7bf84a69d469a97cbd6.json,
9df77d367ccf67b7fc5cbd5f,flagged_issue,ready_with_caution,structured,23,0.0,var/rag/processed/9df77d367ccf67b7fc5cbd5f.json,var/rag/structured_gemini/9df77d367ccf67b7fc5cbd5f.json,
c5053208d7c07c55e42a4e62,flagged_issue,ready_with_caution,structured,22,0.0,var/rag/processed/c5053208d7c07c55e42a4e62.json,var/rag/structured_gemini/c5053208d7c07c55e42a4e62.json,
a1c96cfe9c734481e9c9a93c,flagged_issue,ready_with_caution,structured,52,0.0,var/rag/processed/a1c96cfe9c734481e9c9a93c.json,var/rag/structured_gemini/a1c96cfe9c734481e9c9a93c.json,
2cd83a10e82ff38c1a2f4729,flagged_issue,manual_review_required,structured,50,0.42,var/rag/processed/2cd83a10e82ff38c1a2f4729.json,var/rag/structured_gemini/2cd83a10e82ff38c1a2f4729.json,
619d121e9246fb5e1e5d5c8f,flagged_issue,ready_with_caution,structured,50,0.0,var/rag/processed/619d121e9246fb5e1e5d5c8f.json,var/rag/structured_gemini/619d121e9246fb5e1e5d5c8f.json,
ddb4c2270730d6ee25623c7e,flagged_issue,ready,structured,53,0.0,var/rag/processed/ddb4c2270730d6ee25623c7e.json,var/rag/structured_gemini/ddb4c2270730d6ee25623c7e.json,
8673ff616cab42e68903365c,flagged_issue,ready_with_caution,structured,25,0.0,var/rag/processed/8673ff616cab42e68903365c.json,var/rag/structured_gemini/8673ff616cab42e68903365c.json,
2d2f1b88a88a5a779dd724a8,flagged_issue,manual_review_required,structured,37,0.5676,var/rag/processed/2d2f1b88a88a5a779dd724a8.json,var/rag/structured_gemini/2d2f1b88a88a5a779dd724a8.json,
9ea8ff9010dcaca5c0ebecad,flagged_issue,ready_with_caution,structured,32,0.0,var/rag/processed/9ea8ff9010dcaca5c0ebecad.json,var/rag/structured_gemini/9ea8ff9010dcaca5c0ebecad.json,
c7e6e039858f3ce0a8abb581,flagged_issue,ready_with_caution,structured,35,0.0,var/rag/processed/c7e6e039858f3ce0a8abb581.json,var/rag/structured_gemini/c7e6e039858f3ce0a8abb581.json,
997145bc21611ee6307460dd,flagged_issue,ready,structured,30,0.0,var/rag/processed/997145bc21611ee6307460dd.json,var/rag/structured_gemini/997145bc21611ee6307460dd.json,
1c37249736da8ea2c9884fd7,flagged_issue,ready_with_caution,structured,39,0.0,var/rag/processed/1c37249736da8ea2c9884fd7.json,var/rag/structured_gemini/1c37249736da8ea2c9884fd7.json,
4339db10e6244f0d33639a13,flagged_issue,ready_with_caution,structured,29,0.0,var/rag/processed/4339db10e6244f0d33639a13.json,var/rag/structured_gemini/4339db10e6244f0d33639a13.json,
44bbc229961afeed57d2718d,flagged_issue,ready,structured,34,0.0,var/rag/processed/44bbc229961afeed57d2718d.json,var/rag/structured_gemini/44bbc229961afeed57d2718d.json,
2e20a7c3b6527e36ca44f5c5,flagged_issue,manual_review_required,structured,38,0.5,var/rag/processed/2e20a7c3b6527e36ca44f5c5.json,var/rag/structured_gemini/2e20a7c3b6527e36ca44f5c5.json,
e4172a834f34cba29313850c,flagged_issue,ready_with_caution,structured,26,0.0,var/rag/processed/e4172a834f34cba29313850c.json,var/rag/structured_gemini/e4172a834f34cba29313850c.json,
b3e421e4b2e2ae4ed6121cd6,flagged_issue,ready_with_caution,structured,31,0.0,var/rag/processed/b3e421e4b2e2ae4ed6121cd6.json,var/rag/structured_gemini/b3e421e4b2e2ae4ed6121cd6.json,
a2e384ad58c82ab5bb86d342,flagged_issue,ready,structured,40,0.0,var/rag/processed/a2e384ad58c82ab5bb86d342.json,var/rag/structured_gemini/a2e384ad58c82ab5bb86d342.json,
ae4b1b9053d3c75fe1e6b123,flagged_issue,ready_with_caution,non_judgment_text,48,1.0,var/rag/processed/ae4b1b9053d3c75fe1e6b123.json,var/rag/structured_gemini/ae4b1b9053d3c75fe1e6b123.json,
a767e1aae6d4fb0dff97df89,flagged_issue,ready,structured,22,0.0,var/rag/processed/a767e1aae6d4fb0dff97df89.json,var/rag/structured_gemini/a767e1aae6d4fb0dff97df89.json,
3f57e45ad85f624d5749b14b,flagged_issue,ready,structured,16,0.0,var/rag/processed/3f57e45ad85f624d5749b14b.json,var/rag/structured_gemini/3f57e45ad85f624d5749b14b.json,
c78526c489d873ca529ee42b,flagged_issue,manual_review_required,structured,22,0.2727,var/rag/processed/c78526c489d873ca529ee42b.json,var/rag/structured_gemini/c78526c489d873ca529ee42b.json,
b047b45f7a855fb89a56d7c4,flagged_issue,ready,structured,23,0.0,var/rag/processed/b047b45f7a855fb89a56d7c4.json,var/rag/structured_gemini/b047b45f7a855fb89a56d7c4.json,
0a1b24c6b6f31b1b4faaa9a9,flagged_issue,ready,structured,38,0.0,var/rag/processed/0a1b24c6b6f31b1b4faaa9a9.json,var/rag/structured_gemini/0a1b24c6b6f31b1b4faaa9a9.json,
8e3d9a3fb262cd2f12678f4b,flagged_issue,ready,structured,37,0.0,var/rag/processed/8e3d9a3fb262cd2f12678f4b.json,var/rag/structured_gemini/8e3d9a3fb262cd2f12678f4b.json,
f96a41dd4d68005cf4c87af9,flagged_issue,ready_with_caution,structured,17,0.0,var/rag/processed/f96a41dd4d68005cf4c87af9.json,var/rag/structured_gemini/f96a41dd4d68005cf4c87af9.json,
a9a243e4ce8df61c3f2674c9,flagged_issue,ready_with_caution,structured,16,0.0,var/rag/processed/a9a243e4ce8df61c3f2674c9.json,var/rag/structured_gemini/a9a243e4ce8df61c3f2674c9.json,
04dc1b81405e9c7eb21e439f,flagged_issue,ready_with_caution,structured,45,0.0,var/rag/processed/04dc1b81405e9c7eb21e439f.json,var/rag/structured_gemini/04dc1b81405e9c7eb21e439f.json,
eca13517f6127bf860388532,flagged_issue,ready,structured,31,0.0,var/rag/processed/eca13517f6127bf860388532.json,var/rag/structured_gemini/eca13517f6127bf860388532.json,
6b35187ac27f929584b0325e,flagged_issue,ready,structured,72,0.0,var/rag/processed/6b35187ac27f929584b0325e.json,var/rag/structured_gemini/6b35187ac27f929584b0325e.json,
27fa9958672a5f2602e56b1b,flagged_issue,manual_review_required,structured,54,0.7037,var/rag/processed/27fa9958672a5f2602e56b1b.json,var/rag/structured_gemini/27fa9958672a5f2602e56b1b.json,
32d38781b8e2cef2f56e7e21,flagged_issue,ready_with_caution,structured,20,0.0,var/rag/processed/32d38781b8e2cef2f56e7e21.json,var/rag/structured_gemini/32d38781b8e2cef2f56e7e21.json,
44d437c4666e68280c3a9753,flagged_issue,ready_with_caution,structured,23,0.0,var/rag/processed/44d437c4666e68280c3a9753.json,var/rag/structured_gemini/44d437c4666e68280c3a9753.json,
988c9b575c3ee3de8eb93332,flagged_issue,ready,structured,32,0.0,var/rag/processed/988c9b575c3ee3de8eb93332.json,var/rag/structured_gemini/988c9b575c3ee3de8eb93332.json,
2cbfc8ed5e33cdb830043f2e,flagged_issue,manual_review_required,structured,19,0.2632,var/rag/processed/2cbfc8ed5e33cdb830043f2e.json,var/rag/structured_gemini/2cbfc8ed5e33cdb830043f2e.json,
db8681969e914d727fc4bca8,flagged_issue,ready,structured,29,0.0,var/rag/processed/db8681969e914d727fc4bca8.json,var/rag/structured_gemini/db8681969e914d727fc4bca8.json,
b5a284745ec51f670ec73823,flagged_issue,ready_with_caution,non_judgment_text,48,1.0,var/rag/processed/b5a284745ec51f670ec73823.json,var/rag/structured_gemini/b5a284745ec51f670ec73823.json,
9fe1a1457345faa727724433,flagged_issue,ready_with_caution,structured,24,0.0,var/rag/processed/9fe1a1457345faa727724433.json,var/rag/structured_gemini/9fe1a1457345faa727724433.json,
ae616d9b80d28a65bdffbb5c,flagged_issue,ready_with_caution,structured,23,0.0,var/rag/processed/ae616d9b80d28a65bdffbb5c.json,var/rag/structured_gemini/ae616d9b80d28a65bdffbb5c.json,
9221e578e914f47dada82fd5,flagged_issue,manual_review_required,structured,33,0.5758,var/rag/processed/9221e578e914f47dada82fd5.json,var/rag/structured_gemini/9221e578e914f47dada82fd5.json,
e5329f2c4d8dc88923c07bd6,flagged_issue,ready,structured,37,0.0,var/rag/processed/e5329f2c4d8dc88923c07bd6.json,var/rag/structured_gemini/e5329f2c4d8dc88923c07bd6.json,
a488e1edebaa4468f5fb677c,flagged_issue,manual_review_required,structured,51,0.5882,var/rag/processed/a488e1edebaa4468f5fb677c.json,var/rag/structured_gemini/a488e1edebaa4468f5fb677c.json,
1c237491a1947eb3b3b503d6,flagged_issue,ready_with_caution,structured,22,0.0,var/rag/processed/1c237491a1947eb3b3b503d6.json,var/rag/structured_gemini/1c237491a1947eb3b3b503d6.json,
06056c69b11aba6916a90eb0,flagged_issue,ready_with_caution,structured,35,0.0,var/rag/processed/06056c69b11aba6916a90eb0.json,var/rag/structured_gemini/06056c69b11aba6916a90eb0.json,
1633768cb7781b855aab2401,flagged_issue,ready,structured,27,0.0,var/rag/processed/1633768cb7781b855aab2401.json,var/rag/structured_gemini/1633768cb7781b855aab2401.json,
555fce3cc17a5ac49de53d85,flagged_issue,ready,structured,26,0.0,var/rag/processed/555fce3cc17a5ac49de53d85.json,var/rag/structured_gemini/555fce3cc17a5ac49de53d85.json,
e36edf59d9be75bcc16fff29,flagged_issue,ready_with_caution,structured,18,0.0,var/rag/processed/e36edf59d9be75bcc16fff29.json,var/rag/structured_gemini/e36edf59d9be75bcc16fff29.json,
15fea84845220a64c350fd31,flagged_issue,ready_with_caution,structured,59,0.0,var/rag/processed/15fea84845220a64c350fd31.json,var/rag/structured_gemini/15fea84845220a64c350fd31.json,
fe641fbe070ba80c2333fbf3,flagged_issue,manual_review_required,structured,40,0.4,var/rag/processed/fe641fbe070ba80c2333fbf3.json,var/rag/structured_gemini/fe641fbe070ba80c2333fbf3.json,
a91ba7926b287e6339204bed,flagged_issue,ready,structured,19,0.0,var/rag/processed/a91ba7926b287e6339204bed.json,var/rag/structured_gemini/a91ba7926b287e6339204bed.json,
db00f6659ca8b01c17f2481e,flagged_issue,ready,structured,77,0.0,var/rag/processed/db00f6659ca8b01c17f2481e.json,var/rag/structured_gemini/db00f6659ca8b01c17f2481e.json,
dec60e839ad547d0998874ec,flagged_issue,ready_with_caution,structured,29,0.0,var/rag/processed/dec60e839ad547d0998874ec.json,var/rag/structured_gemini/dec60e839ad547d0998874ec.json,
b41e1bb0ff704c390b64db82,flagged_issue,ready_with_caution,structured,40,0.0,var/rag/processed/b41e1bb0ff704c390b64db82.json,var/rag/structured_gemini/b41e1bb0ff704c390b64db82.json,
aaa70a84ff9a046a9670887a,flagged_issue,ready_with_caution,structured,43,0.0,var/rag/processed/aaa70a84ff9a046a9670887a.json,var/rag/structured_gemini/aaa70a84ff9a046a9670887a.json,
c8abb716119e7e6bb95efc44,flagged_issue,ready_with_caution,structured,64,0.0,var/rag/processed/c8abb716119e7e6bb95efc44.json,var/rag/structured_gemini/c8abb716119e7e6bb95efc44.json,
19638afe7a3a8934b8f38630,flagged_issue,ready_with_caution,structured,35,0.0,var/rag/processed/19638afe7a3a8934b8f38630.json,var/rag/structured_gemini/19638afe7a3a8934b8f38630.json,
ce925560561997e60ade4339,flagged_issue,ready_with_caution,structured,24,0.0,var/rag/processed/ce925560561997e60ade4339.json,var/rag/structured_gemini/ce925560561997e60ade4339.json,
afb812a630423134311fa78e,flagged_issue,ready,structured,39,0.0,var/rag/processed/afb812a630423134311fa78e.json,var/rag/structured_gemini/afb812a630423134311fa78e.json,
29b530db3e553bf032a1b130,flagged_issue,manual_review_required,structured,33,0.5152,var/rag/processed/29b530db3e553bf032a1b130.json,var/rag/structured_gemini/29b530db3e553bf032a1b130.json,
44bc8834a0f5014ff31f7db7,flagged_issue,ready_with_caution,structured,39,0.0,var/rag/processed/44bc8834a0f5014ff31f7db7.json,var/rag/structured_gemini/44bc8834a0f5014ff31f7db7.json,
5babf71968b56e4b1539664e,flagged_issue,ready,structured,25,0.0,var/rag/processed/5babf71968b56e4b1539664e.json,var/rag/structured_gemini/5babf71968b56e4b1539664e.json,
1be14df43ea3e32e9dd719dc,flagged_issue,ready,structured,39,0.0,var/rag/processed/1be14df43ea3e32e9dd719dc.json,var/rag/structured_gemini/1be14df43ea3e32e9dd719dc.json,
a0b746265d8effbeed895012,flagged_issue,ready,structured,33,0.0,var/rag/processed/a0b746265d8effbeed895012.json,var/rag/structured_gemini/a0b746265d8effbeed895012.json,
b93ff1f4464a4f81b9cfbb60,flagged_issue,ready_with_caution,structured,54,0.0,var/rag/processed/b93ff1f4464a4f81b9cfbb60.json,var/rag/structured_gemini/b93ff1f4464a4f81b9cfbb60.json,
71af7183fba4a9d46c1246fa,flagged_issue,ready_with_caution,structured,28,0.0,var/rag/processed/71af7183fba4a9d46c1246fa.json,var/rag/structured_gemini/71af7183fba4a9d46c1246fa.json,
7dbf2edbb6b857e09a4eba7a,flagged_issue,ready_with_caution,structured,26,0.0,var/rag/processed/7dbf2edbb6b857e09a4eba7a.json,var/rag/structured_gemini/7dbf2edbb6b857e09a4eba7a.json,
16120a2c2e7d033cc7f4d0b4,flagged_issue,ready_with_caution,structured,39,0.0,var/rag/processed/16120a2c2e7d033cc7f4d0b4.json,var/rag/structured_gemini/16120a2c2e7d033cc7f4d0b4.json,
532ae786221aca49ea577aba,flagged_issue,ready_with_caution,structured,24,0.0,var/rag/processed/532ae786221aca49ea577aba.json,var/rag/structured_gemini/532ae786221aca49ea577aba.json,
9a6d10b96fcabf4d25bb535f,flagged_issue,ready_with_caution,non_judgment_text,93,1.0,var/rag/processed/9a6d10b96fcabf4d25bb535f.json,var/rag/structured_gemini/9a6d10b96fcabf4d25bb535f.json,
95ac3cfe69d5a7b9d5f5153e,flagged_issue,ready_with_caution,structured,25,0.0,var/rag/processed/95ac3cfe69d5a7b9d5f5153e.json,var/rag/structured_gemini/95ac3cfe69d5a7b9d5f5153e.json,
6a93034c9fc430a6a431541f,flagged_issue,ready_with_caution,structured,66,0.0,var/rag/processed/6a93034c9fc430a6a431541f.json,var/rag/structured_gemini/6a93034c9fc430a6a431541f.json,
684861b0078a3ce3b214dfdf,flagged_issue,ready_with_caution,non_judgment_text,67,1.0,var/rag/processed/684861b0078a3ce3b214dfdf.json,var/rag/structured_gemini/684861b0078a3ce3b214dfdf.json,
7153decb5746522a6f8901ed,flagged_issue,ready,structured,24,0.0,var/rag/processed/7153decb5746522a6f8901ed.json,var/rag/structured_gemini/7153decb5746522a6f8901ed.json,
9601d1564cdb8c81c6a6f9d2,flagged_issue,ready_with_caution,structured,27,0.0,var/rag/processed/9601d1564cdb8c81c6a6f9d2.json,var/rag/structured_gemini/9601d1564cdb8c81c6a6f9d2.json,
cbcb95be769d4fc8467889c5,flagged_issue,ready,structured,55,0.0,var/rag/processed/cbcb95be769d4fc8467889c5.json,var/rag/structured_gemini/cbcb95be769d4fc8467889c5.json,
5a433424d98901de82d1a8e5,flagged_issue,ready_with_caution,structured,56,0.0,var/rag/processed/5a433424d98901de82d1a8e5.json,var/rag/structured_gemini/5a433424d98901de82d1a8e5.json,
4933226623e43c0c77183189,flagged_issue,ready_with_caution,structured,44,0.0,var/rag/processed/4933226623e43c0c77183189.json,var/rag/structured_gemini/4933226623e43c0c77183189.json,
48d9fb02ce6e688e2f8a9cee,flagged_issue,ready,structured,33,0.0,var/rag/processed/48d9fb02ce6e688e2f8a9cee.json,var/rag/structured_gemini/48d9fb02ce6e688e2f8a9cee.json,
50eae847db85b2aac1f83848,flagged_issue,ready,structured,23,0.0,var/rag/processed/50eae847db85b2aac1f83848.json,var/rag/structured_gemini/50eae847db85b2aac1f83848.json,
7e358e0a2c07243478ecadd7,flagged_issue,ready,structured,42,0.0,var/rag/processed/7e358e0a2c07243478ecadd7.json,var/rag/structured_gemini/7e358e0a2c07243478ecadd7.json,
b895f7a64c2a387f131e3b8c,flagged_issue,ready_with_caution,structured,39,0.0,var/rag/processed/b895f7a64c2a387f131e3b8c.json,var/rag/structured_gemini/b895f7a64c2a387f131e3b8c.json,
14dc4893370daff561c0b3a5,flagged_issue,ready_with_caution,structured,39,0.0,var/rag/processed/14dc4893370daff561c0b3a5.json,var/rag/structured_gemini/14dc4893370daff561c0b3a5.json,
96f7c001bcdff91e0a44b925,flagged_issue,ready_with_caution,structured,27,0.0,var/rag/processed/96f7c001bcdff91e0a44b925.json,var/rag/structured_gemini/96f7c001bcdff91e0a44b925.json,
28f6c642a59317f2e1bf4706,flagged_issue,manual_review_required,structured,63,0.6667,var/rag/processed/28f6c642a59317f2e1bf4706.json,var/rag/structured_gemini/28f6c642a59317f2e1bf4706.json,
2fed9940e1ff84f420824ff6,flagged_issue,ready,structured,37,0.0,var/rag/processed/2fed9940e1ff84f420824ff6.json,var/rag/structured_gemini/2fed9940e1ff84f420824ff6.json,
0bf66aa8cdd8c4f57452956a,flagged_issue,ready_with_caution,structured,20,0.0,var/rag/processed/0bf66aa8cdd8c4f57452956a.json,var/rag/structured_gemini/0bf66aa8cdd8c4f57452956a.json,
a7276f5a6fb41daf476b05fc,flagged_issue,ready_with_caution,structured,34,0.0,var/rag/processed/a7276f5a6fb41daf476b05fc.json,var/rag/structured_gemini/a7276f5a6fb41daf476b05fc.json,
c9ecc8f245ef961725449102,flagged_issue,ready,structured,77,0.0,var/rag/processed/c9ecc8f245ef961725449102.json,var/rag/structured_gemini/c9ecc8f245ef961725449102.json,
2ebba223953fa8919e43fd5f,flagged_issue,ready,structured,24,0.0,var/rag/processed/2ebba223953fa8919e43fd5f.json,var/rag/structured_gemini/2ebba223953fa8919e43fd5f.json,
62135a109dab3dcdb0eff2e1,flagged_issue,ready,structured,58,0.0,var/rag/processed/62135a109dab3dcdb0eff2e1.json,var/rag/structured_gemini/62135a109dab3dcdb0eff2e1.json,
ddce9a1c869fcda97df35142,flagged_issue,ready_with_caution,structured,53,0.0,var/rag/processed/ddce9a1c869fcda97df35142.json,var/rag/structured_gemini/ddce9a1c869fcda97df35142.json,
71b1455ba2f1059d3665d662,flagged_issue,ready,structured,35,0.0,var/rag/processed/71b1455ba2f1059d3665d662.json,var/rag/structured_gemini/71b1455ba2f1059d3665d662.json,
caa73babf7ec62ba0d8a67bf,flagged_issue,ready,structured,26,0.0,var/rag/processed/caa73babf7ec62ba0d8a67bf.json,var/rag/structured_gemini/caa73babf7ec62ba0d8a67bf.json,
132158de258b590420af82ba,flagged_issue,ready,structured,24,0.0,var/rag/processed/132158de258b590420af82ba.json,var/rag/structured_gemini/132158de258b590420af82ba.json,
d9d24dd11505adace6c78a0e,flagged_issue,ready,structured,46,0.0,var/rag/processed/d9d24dd11505adace6c78a0e.json,var/rag/structured_gemini/d9d24dd11505adace6c78a0e.json,
c6f85b40caa087c3867cf68d,flagged_issue,ready,structured,32,0.0,var/rag/processed/c6f85b40caa087c3867cf68d.json,var/rag/structured_gemini/c6f85b40caa087c3867cf68d.json,
60154f60122748d17a180162,flagged_issue,ready_with_caution,structured,41,0.0,var/rag/processed/60154f60122748d17a180162.json,var/rag/structured_gemini/60154f60122748d17a180162.json,
788b0c9332ea9ab19ea86ecd,flagged_issue,ready_with_caution,structured,33,0.0,var/rag/processed/788b0c9332ea9ab19ea86ecd.json,var/rag/structured_gemini/788b0c9332ea9ab19ea86ecd.json,
dad9ec3ff29a77fc72c14f51,flagged_issue,ready_with_caution,structured,28,0.0,var/rag/processed/dad9ec3ff29a77fc72c14f51.json,var/rag/structured_gemini/dad9ec3ff29a77fc72c14f51.json,
7c1363a550c7931cad50ee5f,flagged_issue,ready,structured,25,0.0,var/rag/processed/7c1363a550c7931cad50ee5f.json,var/rag/structured_gemini/7c1363a550c7931cad50ee5f.json,
90063bec2d86e3c5a48c51f7,flagged_issue,ready,structured,39,0.0,var/rag/processed/90063bec2d86e3c5a48c51f7.json,var/rag/structured_gemini/90063bec2d86e3c5a48c51f7.json,
1782fdc21be1d4739c9f2cce,flagged_issue,ready_with_caution,structured,22,0.0,var/rag/processed/1782fdc21be1d4739c9f2cce.json,var/rag/structured_gemini/1782fdc21be1d4739c9f2cce.json,
44fb3e6b8afb9b5a750e69be,flagged_issue,ready,structured,33,0.0,var/rag/processed/44fb3e6b8afb9b5a750e69be.json,var/rag/structured_gemini/44fb3e6b8afb9b5a750e69be.json,
84afa91b04d565cde3f3a2df,flagged_issue,ready_with_caution,structured,38,0.0,var/rag/processed/84afa91b04d565cde3f3a2df.json,var/rag/structured_gemini/84afa91b04d565cde3f3a2df.json,
2425f25e6e54a82abc3f0d53,flagged_issue,ready,structured,29,0.0,var/rag/processed/2425f25e6e54a82abc3f0d53.json,var/rag/structured_gemini/2425f25e6e54a82abc3f0d53.json,
1721067992d7ae1a9fc55d29,flagged_issue,ready,structured,37,0.0,var/rag/processed/1721067992d7ae1a9fc55d29.json,var/rag/structured_gemini/1721067992d7ae1a9fc55d29.json,
1a070cf079d233402c3a2852,flagged_issue,ready_with_caution,structured,61,0.0,var/rag/processed/1a070cf079d233402c3a2852.json,var/rag/structured_gemini/1a070cf079d233402c3a2852.json,
e4d7ad90359a4d719388fa10,flagged_issue,ready_with_caution,structured,30,0.0,var/rag/processed/e4d7ad90359a4d719388fa10.json,var/rag/structured_gemini/e4d7ad90359a4d719388fa10.json,
efa06ab9342d8408dc8f4edd,flagged_issue,ready,structured,18,0.0,var/rag/processed/efa06ab9342d8408dc8f4edd.json,var/rag/structured_gemini/efa06ab9342d8408dc8f4edd.json,
f9aec53ade0274d939ee35ca,flagged_issue,ready_with_caution,structured,22,0.0,var/rag/processed/f9aec53ade0274d939ee35ca.json,var/rag/structured_gemini/f9aec53ade0274d939ee35ca.json,
0cb8c6fedc9c52e5c1fa0e83,flagged_issue,ready,structured,29,0.0,var/rag/processed/0cb8c6fedc9c52e5c1fa0e83.json,var/rag/structured_gemini/0cb8c6fedc9c52e5c1fa0e83.json,
4c7bf57ceba9960643af7989,flagged_issue,ready,structured,21,0.0,var/rag/processed/4c7bf57ceba9960643af7989.json,var/rag/structured_gemini/4c7bf57ceba9960643af7989.json,
6b99698159d171920d8319fa,flagged_issue,ready_with_caution,structured,46,0.0,var/rag/processed/6b99698159d171920d8319fa.json,var/rag/structured_gemini/6b99698159d171920d8319fa.json,
61b506bda7de253e38c2e49e,flagged_issue,ready,structured,46,0.0,var/rag/processed/61b506bda7de253e38c2e49e.json,var/rag/structured_gemini/61b506bda7de253e38c2e49e.json,
ead983d00a1ed5e62e513926,flagged_issue,ready_with_caution,structured,29,0.0,var/rag/processed/ead983d00a1ed5e62e513926.json,var/rag/structured_gemini/ead983d00a1ed5e62e513926.json,
41886dcfd29786390dc14d43,flagged_issue,ready,structured,24,0.0,var/rag/processed/41886dcfd29786390dc14d43.json,var/rag/structured_gemini/41886dcfd29786390dc14d43.json,
ecb5f2a8b49aacdaab62a808,flagged_issue,ready,structured,23,0.0,var/rag/processed/ecb5f2a8b49aacdaab62a808.json,var/rag/structured_gemini/ecb5f2a8b49aacdaab62a808.json,
c81c00149e56e30fb4a9d10f,flagged_issue,ready_with_caution,structured,30,0.0,var/rag/processed/c81c00149e56e30fb4a9d10f.json,var/rag/structured_gemini/c81c00149e56e30fb4a9d10f.json,
0b41050a9a4011b361c7a862,flagged_issue,ready_with_caution,structured,49,0.0,var/rag/processed/0b41050a9a4011b361c7a862.json,var/rag/structured_gemini/0b41050a9a4011b361c7a862.json,
8118cd0447693508f371dc18,flagged_issue,ready_with_caution,structured,31,0.0,var/rag/processed/8118cd0447693508f371dc18.json,var/rag/structured_gemini/8118cd0447693508f371dc18.json,
edd0f87d7bcd94b5620b316f,flagged_issue,ready,structured,25,0.0,var/rag/processed/edd0f87d7bcd94b5620b316f.json,var/rag/structured_gemini/edd0f87d7bcd94b5620b316f.json,
e429228ce01e4b7ba72aa46a,flagged_issue,ready,structured,21,0.0,var/rag/processed/e429228ce01e4b7ba72aa46a.json,var/rag/structured_gemini/e429228ce01e4b7ba72aa46a.json,
73b53ebc3e41b5bc6a4250c1,flagged_issue,ready,structured,34,0.0,var/rag/processed/73b53ebc3e41b5bc6a4250c1.json,var/rag/structured_gemini/73b53ebc3e41b5bc6a4250c1.json,
31ee2bab1526ad539edb13e7,flagged_issue,ready_with_caution,structured,23,0.0,var/rag/processed/31ee2bab1526ad539edb13e7.json,var/rag/structured_gemini/31ee2bab1526ad539edb13e7.json,
4ac9bd13931974e7a816db16,flagged_issue,ready_with_caution,structured,18,0.0,var/rag/processed/4ac9bd13931974e7a816db16.json,var/rag/structured_gemini/4ac9bd13931974e7a816db16.json,
5b42e915b105f2993ac56609,flagged_issue,ready_with_caution,structured,27,0.0,var/rag/processed/5b42e915b105f2993ac56609.json,var/rag/structured_gemini/5b42e915b105f2993ac56609.json,
81d1206cb8981a45056ade0c,flagged_issue,ready,structured,23,0.0,var/rag/processed/81d1206cb8981a45056ade0c.json,var/rag/structured_gemini/81d1206cb8981a45056ade0c.json,
fe0b590814cfa3095cfd34c5,flagged_issue,manual_review_required,structured,29,0.4828,var/rag/processed/fe0b590814cfa3095cfd34c5.json,var/rag/structured_gemini/fe0b590814cfa3095cfd34c5.json,
3649fcfb345c7783def245c5,flagged_issue,ready_with_caution,structured,26,0.0,var/rag/processed/3649fcfb345c7783def245c5.json,var/rag/structured_gemini/3649fcfb345c7783def245c5.json,
45e5375d32c3b6fa184cbf76,flagged_issue,ready_with_caution,structured,23,0.0,var/rag/processed/45e5375d32c3b6fa184cbf76.json,var/rag/structured_gemini/45e5375d32c3b6fa184cbf76.json,
347b12afc8a0c85870525487,flagged_issue,ready_with_caution,structured,23,0.0,var/rag/processed/347b12afc8a0c85870525487.json,var/rag/structured_gemini/347b12afc8a0c85870525487.json,
eea5dae7a2e105228899ac43,flagged_issue,ready,structured,31,0.0,var/rag/processed/eea5dae7a2e105228899ac43.json,var/rag/structured_gemini/eea5dae7a2e105228899ac43.json,
83f447aff949ed1cd35d4f5b,flagged_issue,ready_with_caution,structured,52,0.0,var/rag/processed/83f447aff949ed1cd35d4f5b.json,var/rag/structured_gemini/83f447aff949ed1cd35d4f5b.json,
8fc14d086b40b8b5dcf2915b,flagged_issue,ready_with_caution,structured,43,0.0,var/rag/processed/8fc14d086b40b8b5dcf2915b.json,var/rag/structured_gemini/8fc14d086b40b8b5dcf2915b.json,
79c4f69f93b34afda62c4618,flagged_issue,ready,structured,29,0.0,var/rag/processed/79c4f69f93b34afda62c4618.json,var/rag/structured_gemini/79c4f69f93b34afda62c4618.json,
185a36c3c17edbc41820c216,flagged_issue,ready_with_caution,structured,46,0.1522,var/rag/processed/185a36c3c17edbc41820c216.json,var/rag/structured_gemini/185a36c3c17edbc41820c216.json,
05a868d4715ddd33a15fe35c,flagged_issue,ready,structured,35,0.0,var/rag/processed/05a868d4715ddd33a15fe35c.json,var/rag/structured_gemini/05a868d4715ddd33a15fe35c.json,
f3d15c75e4ab54f035e30d7c,flagged_issue,ready_with_caution,structured,22,0.0,var/rag/processed/f3d15c75e4ab54f035e30d7c.json,var/rag/structured_gemini/f3d15c75e4ab54f035e30d7c.json,
796dc3d4aaa12af87b57ff6c,flagged_issue,ready,structured,41,0.0,var/rag/processed/796dc3d4aaa12af87b57ff6c.json,var/rag/structured_gemini/796dc3d4aaa12af87b57ff6c.json,
ae2cb87bf57e100770a77647,flagged_issue,ready_with_caution,structured,24,0.0,var/rag/processed/ae2cb87bf57e100770a77647.json,var/rag/structured_gemini/ae2cb87bf57e100770a77647.json,
c29cc26a2985d24d9bd28f01,flagged_issue,ready_with_caution,structured,18,0.0,var/rag/processed/c29cc26a2985d24d9bd28f01.json,var/rag/structured_gemini/c29cc26a2985d24d9bd28f01.json,
5d42cb5c239e26f1528a1264,flagged_issue,ready_with_caution,structured,25,0.0,var/rag/processed/5d42cb5c239e26f1528a1264.json,var/rag/structured_gemini/5d42cb5c239e26f1528a1264.json,
e9dd66e88de7507c8a7a6c50,flagged_issue,ready_with_caution,structured,31,0.0,var/rag/processed/e9dd66e88de7507c8a7a6c50.json,var/rag/structured_gemini/e9dd66e88de7507c8a7a6c50.json,
b223f3964273e754407288e7,flagged_issue,ready,structured,18,0.0,var/rag/processed/b223f3964273e754407288e7.json,var/rag/structured_gemini/b223f3964273e754407288e7.json,
10acf1a9e8b52c403e9de97d,flagged_issue,ready_with_caution,structured,29,0.0,var/rag/processed/10acf1a9e8b52c403e9de97d.json,var/rag/structured_gemini/10acf1a9e8b52c403e9de97d.json,
dc72897e194d6c6f2bc0b1b5,flagged_issue,ready,structured,61,0.0,var/rag/processed/dc72897e194d6c6f2bc0b1b5.json,var/rag/structured_gemini/dc72897e194d6c6f2bc0b1b5.json,
59c5ce2bac22a470caed0094,flagged_issue,ready,structured,26,0.0,var/rag/processed/59c5ce2bac22a470caed0094.json,var/rag/structured_gemini/59c5ce2bac22a470caed0094.json,
5bbde2f3c5806071c9ff47d9,flagged_issue,ready,structured,26,0.0,var/rag/processed/5bbde2f3c5806071c9ff47d9.json,var/rag/structured_gemini/5bbde2f3c5806071c9ff47d9.json,
553f8daa28578c8dcc28771f,flagged_issue,ready_with_caution,structured,93,0.0,var/rag/processed/553f8daa28578c8dcc28771f.json,var/rag/structured_gemini/553f8daa28578c8dcc28771f.json,
8f16d72381abe077837300d4,flagged_issue,ready,structured,28,0.0,var/rag/processed/8f16d72381abe077837300d4.json,var/rag/structured_gemini/8f16d72381abe077837300d4.json,
de82a53356807f37be254662,flagged_issue,ready,structured,23,0.0,var/rag/processed/de82a53356807f37be254662.json,var/rag/structured_gemini/de82a53356807f37be254662.json,
b26aa1f5356d907b5fc66c05,flagged_issue,ready_with_caution,structured,28,0.0,var/rag/processed/b26aa1f5356d907b5fc66c05.json,var/rag/structured_gemini/b26aa1f5356d907b5fc66c05.json,
e4faeda966123b9319d17352,flagged_issue,ready_with_caution,structured,50,0.0,var/rag/processed/e4faeda966123b9319d17352.json,var/rag/structured_gemini/e4faeda966123b9319d17352.json,
668f583d10a242f24a63cdff,flagged_issue,ready_with_caution,structured,42,0.0,var/rag/processed/668f583d10a242f24a63cdff.json,var/rag/structured_gemini/668f583d10a242f24a63cdff.json,
8f66f39d4b7afb39af54827a,flagged_issue,ready_with_caution,structured,26,0.0,var/rag/processed/8f66f39d4b7afb39af54827a.json,var/rag/structured_gemini/8f66f39d4b7afb39af54827a.json,
9cbf72cc3f0b307233f6d955,flagged_issue,ready,structured,35,0.0,var/rag/processed/9cbf72cc3f0b307233f6d955.json,var/rag/structured_gemini/9cbf72cc3f0b307233f6d955.json,
eea027de1c075dd223ba7731,flagged_issue,ready_with_caution,structured,24,0.0,var/rag/processed/eea027de1c075dd223ba7731.json,var/rag/structured_gemini/eea027de1c075dd223ba7731.json,
727af62b9a05e15abbc69bba,flagged_issue,ready,structured,62,0.0,var/rag/processed/727af62b9a05e15abbc69bba.json,var/rag/structured_gemini/727af62b9a05e15abbc69bba.json,
5376c39cc3c7b922ee6c1475,flagged_issue,ready_with_caution,structured,20,0.0,var/rag/processed/5376c39cc3c7b922ee6c1475.json,var/rag/structured_gemini/5376c39cc3c7b922ee6c1475.json,
1ed4a1a4e0432ec3caf1fd08,flagged_issue,ready_with_caution,structured,76,0.0,var/rag/processed/1ed4a1a4e0432ec3caf1fd08.json,var/rag/structured_gemini/1ed4a1a4e0432ec3caf1fd08.json,
3ca0862be026b64f97a1c5d3,flagged_issue,ready_with_caution,structured,31,0.0,var/rag/processed/3ca0862be026b64f97a1c5d3.json,var/rag/structured_gemini/3ca0862be026b64f97a1c5d3.json,
427676b4e3b4a7a5823d44ff,flagged_issue,ready,structured,106,0.0,var/rag/processed/427676b4e3b4a7a5823d44ff.json,var/rag/structured_gemini/427676b4e3b4a7a5823d44ff.json,
54780cc587bb15f41a3bb6d1,flagged_issue,ready_with_caution,structured,18,0.0,var/rag/processed/54780cc587bb15f41a3bb6d1.json,var/rag/structured_gemini/54780cc587bb15f41a3bb6d1.json,
5205db95298faab38db0608c,flagged_issue,ready,structured,42,0.0,var/rag/processed/5205db95298faab38db0608c.json,var/rag/structured_gemini/5205db95298faab38db0608c.json,
38a6c2f3330a158664db24de,flagged_issue,ready_with_caution,structured,36,0.0,var/rag/processed/38a6c2f3330a158664db24de.json,var/rag/structured_gemini/38a6c2f3330a158664db24de.json,
3a35fc71dfcec760c03ebf02,flagged_issue,ready_with_caution,structured,40,0.0,var/rag/processed/3a35fc71dfcec760c03ebf02.json,var/rag/structured_gemini/3a35fc71dfcec760c03ebf02.json,
099bbcb5db102d2ff191e721,flagged_issue,ready_with_caution,structured,41,0.0,var/rag/processed/099bbcb5db102d2ff191e721.json,var/rag/structured_gemini/099bbcb5db102d2ff191e721.json,
96112ecbe3dc83b3a5597c7e,flagged_issue,ready_with_caution,structured,17,0.0,var/rag/processed/96112ecbe3dc83b3a5597c7e.json,var/rag/structured_gemini/96112ecbe3dc83b3a5597c7e.json,
0d0ce9936485e04a4e9ab616,flagged_issue,ready_with_caution,structured,64,0.0,var/rag/processed/0d0ce9936485e04a4e9ab616.json,var/rag/structured_gemini/0d0ce9936485e04a4e9ab616.json,
0413e959941fc5275fc62f8f,flagged_issue,ready,structured,57,0.0,var/rag/processed/0413e959941fc5275fc62f8f.json,var/rag/structured_gemini/0413e959941fc5275fc62f8f.json,
2864345baceac1e973224393,flagged_issue,manual_review_required,structured,228,0.8816,var/rag/processed/2864345baceac1e973224393.json,var/rag/structured_gemini/2864345baceac1e973224393.json,
e3ef4348a21b33651e2c568c,flagged_issue,ready_with_caution,structured,40,0.0,var/rag/processed/e3ef4348a21b33651e2c568c.json,var/rag/structured_gemini/e3ef4348a21b33651e2c568c.json,
b6bb29086d468a24b1654c37,flagged_issue,ready,structured,46,0.0,var/rag/processed/b6bb29086d468a24b1654c37.json,var/rag/structured_gemini/b6bb29086d468a24b1654c37.json,
6eaf1fe9a0ced60f750ccc03,flagged_issue,ready,structured,26,0.0,var/rag/processed/6eaf1fe9a0ced60f750ccc03.json,var/rag/structured_gemini/6eaf1fe9a0ced60f750ccc03.json,
553af134bfe95e89edf9504f,flagged_issue,ready_with_caution,structured,19,0.0,var/rag/processed/553af134bfe95e89edf9504f.json,var/rag/structured_gemini/553af134bfe95e89edf9504f.json,
97ae9e7512c2a235d0f947ba,flagged_issue,ready_with_caution,non_judgment_text,148,1.0,var/rag/processed/97ae9e7512c2a235d0f947ba.json,var/rag/structured_gemini/97ae9e7512c2a235d0f947ba.json,
880c4e53acb066a1f84c6ee7,flagged_issue,ready,structured,20,0.0,var/rag/processed/880c4e53acb066a1f84c6ee7.json,var/rag/structured_gemini/880c4e53acb066a1f84c6ee7.json,
d82cee1d43c504430f6a5dbf,flagged_issue,ready_with_caution,structured,51,0.0,var/rag/processed/d82cee1d43c504430f6a5dbf.json,var/rag/structured_gemini/d82cee1d43c504430f6a5dbf.json,
39753544d7a220d3f7ac4952,flagged_issue,ready_with_caution,structured,35,0.0,var/rag/processed/39753544d7a220d3f7ac4952.json,var/rag/structured_gemini/39753544d7a220d3f7ac4952.json,
b1dde332643b7d62350c2020,flagged_issue,ready,structured,30,0.0,var/rag/processed/b1dde332643b7d62350c2020.json,var/rag/structured_gemini/b1dde332643b7d62350c2020.json,
5e346c449e68a8cada6eed32,flagged_issue,ready,structured,30,0.0,var/rag/processed/5e346c449e68a8cada6eed32.json,var/rag/structured_gemini/5e346c449e68a8cada6eed32.json,
3a99f7e131d1b842673236e2,stratified_random_sample,ready,structured,31,0.0,var/rag/processed/3a99f7e131d1b842673236e2.json,var/rag/structured_gemini/3a99f7e131d1b842673236e2.json,
09a147763202b15e97b70c84,stratified_random_sample,ready,structured,25,0.0,var/rag/processed/09a147763202b15e97b70c84.json,var/rag/structured_gemini/09a147763202b15e97b70c84.json,
84d4aeb67951cfa195bd5b9e,stratified_random_sample,ready,structured,36,0.0,var/rag/processed/84d4aeb67951cfa195bd5b9e.json,var/rag/structured_gemini/84d4aeb67951cfa195bd5b9e.json,
776b8a37048ce54a25c0c463,stratified_random_sample,ready,structured,31,0.0,var/rag/processed/776b8a37048ce54a25c0c463.json,var/rag/structured_gemini/776b8a37048ce54a25c0c463.json,
6db5b1b44dcb14c6dd7500e6,stratified_random_sample,ready,structured,26,0.0,var/rag/processed/6db5b1b44dcb14c6dd7500e6.json,var/rag/structured_gemini/6db5b1b44dcb14c6dd7500e6.json,
44d2e578fc9e75ec64a93697,stratified_random_sample,ready,structured,27,0.0,var/rag/processed/44d2e578fc9e75ec64a93697.json,var/rag/structured_gemini/44d2e578fc9e75ec64a93697.json,
3543840aeaad04007135b143,stratified_random_sample,ready,structured,20,0.0,var/rag/processed/3543840aeaad04007135b143.json,var/rag/structured_gemini/3543840aeaad04007135b143.json,
25cc2cfc872d6d4d2275ccf0,stratified_random_sample,ready,structured,28,0.0,var/rag/processed/25cc2cfc872d6d4d2275ccf0.json,var/rag/structured_gemini/25cc2cfc872d6d4d2275ccf0.json,
ce9ff2bf518014cba1914e40,stratified_random_sample,ready,structured,19,0.0,var/rag/processed/ce9ff2bf518014cba1914e40.json,var/rag/structured_gemini/ce9ff2bf518014cba1914e40.json,
0c777b07c34fee1edb7e0949,stratified_random_sample,ready,structured,29,0.0,var/rag/processed/0c777b07c34fee1edb7e0949.json,var/rag/structured_gemini/0c777b07c34fee1edb7e0949.json,
0bc96bc0e929fbc8307b1338,stratified_random_sample,ready,structured,32,0.0,var/rag/processed/0bc96bc0e929fbc8307b1338.json,var/rag/structured_gemini/0bc96bc0e929fbc8307b1338.json,
303f06a2f00bb5281e498bc4,stratified_random_sample,ready,structured,70,0.0,var/rag/processed/303f06a2f00bb5281e498bc4.json,var/rag/structured_gemini/303f06a2f00bb5281e498bc4.json,
6b1ab5944093fbd14b39132b,stratified_random_sample,ready,structured,16,0.0,var/rag/processed/6b1ab5944093fbd14b39132b.json,var/rag/structured_gemini/6b1ab5944093fbd14b39132b.json,
71b1455ba2f1059d3665d662,stratified_random_sample,ready,structured,35,0.0,var/rag/processed/71b1455ba2f1059d3665d662.json,var/rag/structured_gemini/71b1455ba2f1059d3665d662.json,
f50f23d3dacf203416443d81,stratified_random_sample,ready,structured,33,0.0,var/rag/processed/f50f23d3dacf203416443d81.json,var/rag/structured_gemini/f50f23d3dacf203416443d81.json,
0a1b24c6b6f31b1b4faaa9a9,stratified_random_sample,ready,structured,38,0.0,var/rag/processed/0a1b24c6b6f31b1b4faaa9a9.json,var/rag/structured_gemini/0a1b24c6b6f31b1b4faaa9a9.json,
61b506bda7de253e38c2e49e,stratified_random_sample,ready,structured,46,0.0,var/rag/processed/61b506bda7de253e38c2e49e.json,var/rag/structured_gemini/61b506bda7de253e38c2e49e.json,
cd7c8b2c4ab6637e7550c63a,stratified_random_sample,ready,structured,23,0.0,var/rag/processed/cd7c8b2c4ab6637e7550c63a.json,var/rag/structured_gemini/cd7c8b2c4ab6637e7550c63a.json,
6b7f9dd3c346ab61c4fb8bd9,stratified_random_sample,ready,structured,22,0.0,var/rag/processed/6b7f9dd3c346ab61c4fb8bd9.json,var/rag/structured_gemini/6b7f9dd3c346ab61c4fb8bd9.json,
db8681969e914d727fc4bca8,stratified_random_sample,ready,structured,29,0.0,var/rag/processed/db8681969e914d727fc4bca8.json,var/rag/structured_gemini/db8681969e914d727fc4bca8.json,
85c61dbe382d2ae191e9f841,stratified_random_sample,ready,structured,26,0.0,var/rag/processed/85c61dbe382d2ae191e9f841.json,var/rag/structured_gemini/85c61dbe382d2ae191e9f841.json,
02a56c503a30443f43caf454,stratified_random_sample,ready,structured,72,0.0,var/rag/processed/02a56c503a30443f43caf454.json,var/rag/structured_gemini/02a56c503a30443f43caf454.json,
4eb4b14e80ec5c55cca05177,stratified_random_sample,ready,structured,59,0.0,var/rag/processed/4eb4b14e80ec5c55cca05177.json,var/rag/structured_gemini/4eb4b14e80ec5c55cca05177.json,
cebae8ac3313ae97cfb75506,stratified_random_sample,ready,structured,24,0.0,var/rag/processed/cebae8ac3313ae97cfb75506.json,var/rag/structured_gemini/cebae8ac3313ae97cfb75506.json,
a86e725e0280f2ad88720c1b,stratified_random_sample,ready,structured,16,0.0,var/rag/processed/a86e725e0280f2ad88720c1b.json,var/rag/structured_gemini/a86e725e0280f2ad88720c1b.json,
4c7bf57ceba9960643af7989,stratified_random_sample,ready,structured,21,0.0,var/rag/processed/4c7bf57ceba9960643af7989.json,var/rag/structured_gemini/4c7bf57ceba9960643af7989.json,
6953c0447fc530f5fd6e6847,stratified_random_sample,ready,structured,49,0.0,var/rag/processed/6953c0447fc530f5fd6e6847.json,var/rag/structured_gemini/6953c0447fc530f5fd6e6847.json,
a764d5e7468f1d1cef317d9a,stratified_random_sample,ready,structured,22,0.0,var/rag/processed/a764d5e7468f1d1cef317d9a.json,var/rag/structured_gemini/a764d5e7468f1d1cef317d9a.json,
30157e0db95a5faaab3783ca,stratified_random_sample,ready,structured,31,0.0,var/rag/processed/30157e0db95a5faaab3783ca.json,var/rag/structured_gemini/30157e0db95a5faaab3783ca.json,
b9f3b01841828233e4dc5b1c,stratified_random_sample,ready,structured,27,0.0,var/rag/processed/b9f3b01841828233e4dc5b1c.json,var/rag/structured_gemini/b9f3b01841828233e4dc5b1c.json,
31ea82b36b34058c43ba9974,stratified_random_sample,ready,structured,20,0.0,var/rag/processed/31ea82b36b34058c43ba9974.json,var/rag/structured_gemini/31ea82b36b34058c43ba9974.json,
b08f0cb8eea600965be6acb1,stratified_random_sample,ready,structured,38,0.0,var/rag/processed/b08f0cb8eea600965be6acb1.json,var/rag/structured_gemini/b08f0cb8eea600965be6acb1.json,
aa42b75de8aa96c9ac8362bc,stratified_random_sample,ready,structured,17,0.0,var/rag/processed/aa42b75de8aa96c9ac8362bc.json,var/rag/structured_gemini/aa42b75de8aa96c9ac8362bc.json,
7ea4a2a6ad0ccf30531d7315,stratified_random_sample,ready,structured,39,0.0,var/rag/processed/7ea4a2a6ad0ccf30531d7315.json,var/rag/structured_gemini/7ea4a2a6ad0ccf30531d7315.json,
11fcece10119cac4b1afd513,stratified_random_sample,ready,structured,39,0.0,var/rag/processed/11fcece10119cac4b1afd513.json,var/rag/structured_gemini/11fcece10119cac4b1afd513.json,
df37c95f0b58ece5ba862e5f,stratified_random_sample,ready,structured,50,0.0,var/rag/processed/df37c95f0b58ece5ba862e5f.json,var/rag/structured_gemini/df37c95f0b58ece5ba862e5f.json,
3e7479e75cc40822047cf242,stratified_random_sample,ready,structured,35,0.0,var/rag/processed/3e7479e75cc40822047cf242.json,var/rag/structured_gemini/3e7479e75cc40822047cf242.json,
b8fa08deed653b60b2404f6a,stratified_random_sample,ready,structured,25,0.0,var/rag/processed/b8fa08deed653b60b2404f6a.json,var/rag/structured_gemini/b8fa08deed653b60b2404f6a.json,
23604b5e70006b446c5526c0,stratified_random_sample,ready,structured,45,0.0,var/rag/processed/23604b5e70006b446c5526c0.json,var/rag/structured_gemini/23604b5e70006b446c5526c0.json,
8eb66fe9055bd6e02b1e6324,stratified_random_sample,ready,structured,17,0.0,var/rag/processed/8eb66fe9055bd6e02b1e6324.json,var/rag/structured_gemini/8eb66fe9055bd6e02b1e6324.json,
